episode,pref_distance,pref_converged,dominant_correct,phi_grad_norm,phi_change,sensitivity_samples,mpc_cost,mpc_success_rate,mpc_solve_time_ms,path_efficiency,total_distance,total_time,delivery_error,approach_quality,battery_used_pct,plan_length
1,0.270277072229568,False,True,104.89284359474509,0.1,44,308.443739718593,117.77777777777777,42.697132958306206,0.6768153574541047,67.76887484350927,48.800000000000004,0.6445960478811564,0.7525763494141893,67.76887484350927,6
2,0.27205345280700455,False,True,104.88392584679376,0.0999999999999998,44,307.2367272642409,117.77777777777777,42.36736297607422,0.6773321319729092,67.71717018336689,48.800000000000004,0.6516627709699049,0.7500112876719367,67.71717018336689,6
3,0.2839462780998812,False,True,104.84650601461543,0.09999999999999987,44,301.2784153437444,117.77777777777777,40.52248530917697,0.6777899329218227,67.671431845776,48.800000000000004,0.6585073799318351,0.7470227049115331,67.67143184577598,6
